approvedAt,approvedBy,contextId,contextName,executionRequestId,executionRequestStatus,id,name,periodId,periodName,recordUtilsCount,rowsExcluded,rowsImported,rowsProcessed,rowsRejected,status,systemName,uploadedAt,uploadedBy
2026-07-31T08:40:00Z,erika.musterfrau@example.com,401,Enterprise Core Systems GmbH,900001,COMPLETED,100001,IMPORT_STAGE_PARTNER_20260701,202607,July 2026,754,0,754,754,0,APPROVED,INGESTION_GW_01,2026-07-31T08:12:00Z,interface.batch@example.com
2026-07-31T08:40:00Z,system.approval@example.com,401,Enterprise Core Systems GmbH,900002,COMPLETED,100002,IMPORT_STAGE_COMMISSION_20260702,202607,July 2026,328,5,323,328,0,APPROVED,INGESTION_GW_01,2026-07-31T08:12:00Z,interface.batch@example.com
2026-07-31T08:40:00Z,max.mustermann@example.com,401,Enterprise Core Systems GmbH,900003,COMPLETED,100003,IMPORT_STAGE_DIRECTS_20260703,202607,July 2026,658,5,653,658,0,APPROVED,INGESTION_GW_01,2026-07-31T08:12:00Z,interface.batch@example.com
2026-07-31T08:40:00Z,system.approval@example.com,401,Enterprise Core Systems GmbH,900004,COMPLETED,100004,IMPORT_STAGE_TARIFF_20260704,202607,July 2026,130,0,130,130,0,APPROVED,INGESTION_GW_01,2026-07-31T08:12:00Z,interface.batch@example.com
2026-07-31T08:40:00Z,system.approval@example.com,401,Enterprise Core Systems GmbH,900005,COMPLETED,100005,IMPORT_STAGE_TARIFF_20260705,202607,July 2026,716,5,711,716,0,APPROVED,INGESTION_GW_01,2026-07-31T08:12:00Z,interface.batch@example.com
2026-07-31T08:40:00Z,otto.normalverbraucher@example.com,401,Enterprise Core Systems GmbH,900006,COMPLETED,100006,IMPORT_STAGE_TARIFF_20260706,202607,July 2026,765,0,763,765,2,APPROVED,INGESTION_GW_01,2026-07-31T08:12:00Z,interface.batch@example.com
2026-07-31T08:40:00Z,system.approval@example.com,401,Enterprise Core Systems GmbH,900007,COMPLETED,100007,IMPORT_STAGE_TARIFF_20260707,202607,July 2026,703,0,703,703,0,APPROVED,INGESTION_GW_01,2026-07-31T08:12:00Z,interface.batch@example.com
2026-07-31T08:40:00Z,felix.muster@example.com,401,Enterprise Core Systems GmbH,900008,COMPLETED,100008,IMPORT_STAGE_TARIFF_20260708,202607,July 2026,532,0,532,532,0,APPROVED,INGESTION_GW_01,2026-07-31T08:12:00Z,interface.batch@example.com
2026-07-31T08:40:00Z,anna.beispiel@example.com,401,Enterprise Core Systems GmbH,900009,COMPLETED,100009,IMPORT_STAGE_DIRECTS_20260709,202607,July 2026,444,0,444,444,0,APPROVED,INGESTION_GW_01,2026-07-31T08:12:00Z,interface.batch@example.com
2026-07-31T08:40:00Z,laura.schmidt@example.com,401,Enterprise Core Systems GmbH,900010,COMPLETED,100010,IMPORT_STAGE_PARTNER_20260710,202607,July 2026,467,5,462,467,0,APPROVED,INGESTION_GW_01,2026-07-31T08:12:00Z,interface.batch@example.com
2026-07-31T08:40:00Z,maria.beispiel@example.com,401,Enterprise Core Systems GmbH,900011,COMPLETED,100011,IMPORT_STAGE_DIRECTS_20260711,202607,July 2026,570,0,568,570,2,APPROVED,INGESTION_GW_01,2026-07-31T08:12:00Z,interface.batch@example.com
2026-07-31T08:40:00Z,system.approval@example.com,401,Enterprise Core Systems GmbH,900012,COMPLETED,100012,IMPORT_STAGE_PARTNER_20260712,202607,July 2026,665,5,660,665,0,APPROVED,INGESTION_GW_01,2026-07-31T08:12:00Z,interface.batch@example.com
2026-07-31T08:40:00Z,lisa.musterfrau@example.com,401,Enterprise Core Systems GmbH,900013,COMPLETED,100013,IMPORT_STAGE_TARIFF_20260713,202607,July 2026,296,0,296,296,0,APPROVED,INGESTION_GW_01,2026-07-31T08:12:00Z,interface.batch@example.com
2026-07-31T08:40:00Z,jan.beispiel@example.com,401,Enterprise Core Systems GmbH,900014,COMPLETED,100014,IMPORT_STAGE_DIRECTS_20260714,202607,July 2026,181,0,181,181,0,APPROVED,INGESTION_GW_01,2026-07-31T08:12:00Z,interface.batch@example.com
2026-07-31T08:40:00Z,felix.muster@example.com,401,Enterprise Core Systems GmbH,900015,COMPLETED,100015,IMPORT_STAGE_PARTNER_20260715,202607,July 2026,564,0,564,564,0,APPROVED,INGESTION_GW_01,2026-07-31T08:12:00Z,interface.batch@example.com
2026-07-31T08:40:00Z,system.approval@example.com,401,Enterprise Core Systems GmbH,900016,COMPLETED,100016,IMPORT_STAGE_COMMISSION_20260716,202607,July 2026,314,5,309,314,0,APPROVED,INGESTION_GW_01,2026-07-31T08:12:00Z,interface.batch@example.com
2026-07-31T08:40:00Z,david.muster@example.com,401,Enterprise Core Systems GmbH,900017,COMPLETED,100017,IMPORT_STAGE_TARIFF_20260717,202607,July 2026,750,5,745,750,0,APPROVED,INGESTION_GW_01,2026-07-31T08:12:00Z,interface.batch@example.com
2026-07-31T08:40:00Z,system.approval@example.com,401,Enterprise Core Systems GmbH,900018,COMPLETED,100018,IMPORT_STAGE_TARIFF_20260718,202607,July 2026,573,0,572,573,1,APPROVED,INGESTION_GW_01,2026-07-31T08:12:00Z,interface.batch@example.com
2026-07-31T08:40:00Z,lisa.musterfrau@example.com,401,Enterprise Core Systems GmbH,900019,COMPLETED,100019,IMPORT_STAGE_COMMISSION_20260719,202607,July 2026,432,0,432,432,0,APPROVED,INGESTION_GW_01,2026-07-31T08:12:00Z,interface.batch@example.com
2026-07-31T08:40:00Z,system.approval@example.com,401,Enterprise Core Systems GmbH,900020,COMPLETED,100020,IMPORT_STAGE_TARIFF_20260720,202607,July 2026,510,0,510,510,0,APPROVED,INGESTION_GW_01,2026-07-31T08:12:00Z,interface.batch@example.com
2026-07-31T08:40:00Z,sarah.beispiel@example.com,401,Enterprise Core Systems GmbH,900021,COMPLETED,100021,IMPORT_STAGE_DIRECTS_20260721,202607,July 2026,422,5,417,422,0,APPROVED,INGESTION_GW_01,2026-07-31T08:12:00Z,interface.batch@example.com
2026-07-31T08:40:00Z,tim.mustermann@example.com,401,Enterprise Core Systems GmbH,900022,COMPLETED,100022,IMPORT_STAGE_PARTNER_20260722,202607,July 2026,758,0,757,758,1,APPROVED,INGESTION_GW_01,2026-07-31T08:12:00Z,interface.batch@example.com
2026-07-31T08:40:00Z,system.approval@example.com,401,Enterprise Core Systems GmbH,900023,COMPLETED,100023,IMPORT_STAGE_PARTNER_20260723,202607,July 2026,352,5,345,352,2,APPROVED,INGESTION_GW_01,2026-07-31T08:12:00Z,interface.batch@example.com
2026-07-31T08:40:00Z,tobias.muster@example.com,401,Enterprise Core Systems GmbH,900024,COMPLETED,100024,IMPORT_STAGE_DIRECTS_20260724,202607,July 2026,698,5,692,698,1,APPROVED,INGESTION_GW_01,2026-07-31T08:12:00Z,interface.batch@example.com
2026-07-31T08:40:00Z,tim.mustermann@example.com,401,Enterprise Core Systems GmbH,900025,COMPLETED,100025,IMPORT_STAGE_DIRECTS_20260725,202607,July 2026,324,5,319,324,0,APPROVED,INGESTION_GW_01,2026-07-31T08:12:00Z,interface.batch@example.com
2026-07-31T08:40:00Z,system.approval@example.com,401,Enterprise Core Systems GmbH,900026,COMPLETED,100026,IMPORT_STAGE_TARIFF_20260726,202607,July 2026,148,0,148,148,0,APPROVED,INGESTION_GW_01,2026-07-31T08:12:00Z,interface.batch@example.com
2026-07-31T08:40:00Z,tobias.muster@example.com,401,Enterprise Core Systems GmbH,900027,COMPLETED,100027,IMPORT_STAGE_DIRECTS_20260727,202607,July 2026,532,0,530,532,2,APPROVED,INGESTION_GW_01,2026-07-31T08:12:00Z,interface.batch@example.com
2026-07-31T08:40:00Z,system.approval@example.com,401,Enterprise Core Systems GmbH,900028,COMPLETED,100028,IMPORT_STAGE_PARTNER_20260728,202607,July 2026,710,5,704,710,1,APPROVED,INGESTION_GW_01,2026-07-31T08:12:00Z,interface.batch@example.com
2026-07-31T08:40:00Z,system.approval@example.com,401,Enterprise Core Systems GmbH,900029,COMPLETED,100029,IMPORT_STAGE_PARTNER_20260729,202607,July 2026,111,5,106,111,0,APPROVED,INGESTION_GW_01,2026-07-31T08:12:00Z,interface.batch@example.com
2026-07-31T08:40:00Z,can.yilmaz@example.com,401,Enterprise Core Systems GmbH,900030,COMPLETED,100030,IMPORT_STAGE_DIRECTS_20260730,202607,July 2026,448,0,448,448,0,APPROVED,INGESTION_GW_01,2026-07-31T08:12:00Z,interface.batch@example.com
2026-07-31T08:40:00Z,system.approval@example.com,401,Enterprise Core Systems GmbH,900031,COMPLETED,100031,IMPORT_STAGE_PARTNER_20260731,202607,July 2026,564,5,559,564,0,APPROVED,INGESTION_GW_01,2026-07-31T08:12:00Z,interface.batch@example.com
2026-07-31T08:40:00Z,system.approval@example.com,401,Enterprise Core Systems GmbH,900032,COMPLETED,100032,IMPORT_STAGE_PARTNER_20260732,202607,July 2026,282,0,280,282,2,APPROVED,INGESTION_GW_01,2026-07-31T08:12:00Z,interface.batch@example.com
2026-07-31T08:40:00Z,jonas.beispiel@example.com,401,Enterprise Core Systems GmbH,900033,COMPLETED,100033,IMPORT_STAGE_TARIFF_20260733,202607,July 2026,619,0,617,619,2,APPROVED,INGESTION_GW_01,2026-07-31T08:12:00Z,interface.batch@example.com
2026-07-31T08:40:00Z,system.approval@example.com,401,Enterprise Core Systems GmbH,900034,COMPLETED,100034,IMPORT_STAGE_COMMISSION_20260734,202607,July 2026,265,5,258,265,2,APPROVED,INGESTION_GW_01,2026-07-31T08:12:00Z,interface.batch@example.com
2026-07-31T08:40:00Z,daria.wisniewski@example.com,401,Enterprise Core Systems GmbH,900035,COMPLETED,100035,IMPORT_STAGE_COMMISSION_20260735,202607,July 2026,431,0,430,431,1,APPROVED,INGESTION_GW_01,2026-07-31T08:12:00Z,interface.batch@example.com
2026-07-31T08:40:00Z,system.approval@example.com,401,Enterprise Core Systems GmbH,900036,COMPLETED,100036,IMPORT_STAGE_TARIFF_20260736,202607,July 2026,414,0,414,414,0,APPROVED,INGESTION_GW_01,2026-07-31T08:12:00Z,interface.batch@example.com
2026-07-31T08:40:00Z,erika.musterfrau@example.com,401,Enterprise Core Systems GmbH,900037,COMPLETED,100037,IMPORT_STAGE_DIRECTS_20260737,202607,July 2026,180,5,175,180,0,APPROVED,INGESTION_GW_01,2026-07-31T08:12:00Z,interface.batch@example.com
2026-07-31T08:40:00Z,system.approval@example.com,401,Enterprise Core Systems GmbH,900038,COMPLETED,100038,IMPORT_STAGE_DIRECTS_20260738,202607,July 2026,645,0,645,645,0,APPROVED,INGESTION_GW_01,2026-07-31T08:12:00Z,interface.batch@example.com
2026-07-31T08:40:00Z,piotr.nowak@example.com,401,Enterprise Core Systems GmbH,900039,COMPLETED,100039,IMPORT_STAGE_DIRECTS_20260739,202607,July 2026,269,5,264,269,0,APPROVED,INGESTION_GW_01,2026-07-31T08:12:00Z,interface.batch@example.com
2026-07-31T08:40:00Z,jan.beispiel@example.com,401,Enterprise Core Systems GmbH,900040,COMPLETED,100040,IMPORT_STAGE_PARTNER_20260740,202607,July 2026,652,5,647,652,0,APPROVED,INGESTION_GW_01,2026-07-31T08:12:00Z,interface.batch@example.com
2026-07-31T08:40:00Z,niklas.muster@example.com,401,Enterprise Core Systems GmbH,900041,COMPLETED,100041,IMPORT_STAGE_DIRECTS_20260741,202607,July 2026,787,0,787,787,0,APPROVED,INGESTION_GW_01,2026-07-31T08:12:00Z,interface.batch@example.com
2026-07-31T08:40:00Z,marie.schmidt@example.com,401,Enterprise Core Systems GmbH,900042,COMPLETED,100042,MAN_PRODUCT_PRICE_LIST_FN_INDD2D_20260728073200,202607,July 2026,507,0,507,507,0,APPROVED,INGESTION_GW_01,2026-07-31T08:12:00Z,interface.batch@example.com
2026-07-31T08:40:00Z,system.approval@example.com,401,Enterprise Core Systems GmbH,900043,COMPLETED,100043,IMPORT_STAGE_COMMISSION_20260743,202607,July 2026,330,0,330,330,0,APPROVED,INGESTION_GW_01,2026-07-31T08:12:00Z,interface.batch@example.com
2026-07-31T08:40:00Z,tim.becker@example.com,401,Enterprise Core Systems GmbH,900044,COMPLETED,100044,IMPORT_STAGE_TARIFF_20260744,202607,July 2026,667,5,662,667,0,APPROVED,INGESTION_GW_01,2026-07-31T08:12:00Z,interface.batch@example.com
2026-07-31T08:40:00Z,anna.beispiel@example.com,401,Enterprise Core Systems GmbH,900045,COMPLETED,100045,IMPORT_STAGE_COMMISSION_20260745,202607,July 2026,172,0,172,172,0,APPROVED,INGESTION_GW_01,2026-07-31T08:12:00Z,interface.batch@example.com
2026-07-31T08:40:00Z,lena.lange@example.com,401,Enterprise Core Systems GmbH,900046,COMPLETED,100046,IMPORT_STAGE_TARIFF_20260746,202607,July 2026,438,5,433,438,0,APPROVED,INGESTION_GW_01,2026-07-31T08:12:00Z,interface.batch@example.com
2026-07-31T08:40:00Z,system.approval@example.com,401,Enterprise Core Systems GmbH,900047,COMPLETED,100047,IMPORT_STAGE_TARIFF_20260747,202607,July 2026,785,0,784,785,1,APPROVED,INGESTION_GW_01,2026-07-31T08:12:00Z,interface.batch@example.com
2026-07-31T08:40:00Z,hannah.hartmann@example.com,401,Enterprise Core Systems GmbH,900048,COMPLETED,100048,IMPORT_STAGE_TARIFF_20260748,202607,July 2026,684,0,682,684,2,APPROVED,INGESTION_GW_01,2026-07-31T08:12:00Z,interface.batch@example.com
2026-07-31T08:40:00Z,system.approval@example.com,401,Enterprise Core Systems GmbH,900049,COMPLETED,100049,IMPORT_STAGE_COMMISSION_20260749,202607,July 2026,516,0,516,516,0,APPROVED,INGESTION_GW_01,2026-07-31T08:12:00Z,interface.batch@example.com
2026-07-31T08:40:00Z,maximilian.fischer@example.com,401,Enterprise Core Systems GmbH,900050,COMPLETED,100050,IMPORT_STAGE_DIRECTS_20260750,202607,July 2026,541,0,541,541,0,APPROVED,INGESTION_GW_01,2026-07-31T08:12:00Z,interface.batch@example.com
2026-07-31T08:40:00Z,system.approval@example.com,401,Enterprise Core Systems GmbH,900051,COMPLETED,100051,IMPORT_STAGE_DIRECTS_20260751,202607,July 2026,155,0,155,155,0,APPROVED,INGESTION_GW_01,2026-07-31T08:12:00Z,interface.batch@example.com
2026-07-31T08:40:00Z,amira.haddad@example.com,401,Enterprise Core Systems GmbH,900052,COMPLETED,100052,IMPORT_STAGE_TARIFF_20260752,202607,July 2026,447,0,447,447,0,APPROVED,INGESTION_GW_01,2026-07-31T08:12:00Z,interface.batch@example.com
2026-07-31T08:40:00Z,lena.lange@example.com,401,Enterprise Core Systems GmbH,900053,COMPLETED,100053,IMPORT_STAGE_DIRECTS_20260753,202607,July 2026,649,0,648,649,1,APPROVED,INGESTION_GW_01,2026-07-31T08:12:00Z,interface.batch@example.com
2026-07-31T08:40:00Z,maximilian.fischer@example.com,401,Enterprise Core Systems GmbH,900054,COMPLETED,100054,IMPORT_STAGE_COMMISSION_20260754,202607,July 2026,385,0,384,385,1,APPROVED,INGESTION_GW_01,2026-07-31T08:12:00Z,interface.batch@example.com
2026-07-31T08:40:00Z,piotr.nowak@example.com,401,Enterprise Core Systems GmbH,900055,COMPLETED,100055,IMPORT_STAGE_COMMISSION_20260755,202607,July 2026,663,0,663,663,0,APPROVED,INGESTION_GW_01,2026-07-31T08:12:00Z,interface.batch@example.com
2026-07-31T08:40:00Z,erika.musterfrau@example.com,401,Enterprise Core Systems GmbH,900056,COMPLETED,100056,IMPORT_STAGE_DIRECTS_20260756,202607,July 2026,342,0,342,342,0,APPROVED,INGESTION_GW_01,2026-07-31T08:12:00Z,interface.batch@example.com
2026-07-31T08:40:00Z,max.mustermann@example.com,401,Enterprise Core Systems GmbH,900057,COMPLETED,100057,IMPORT_STAGE_TARIFF_20260757,202607,July 2026,318,0,317,318,1,APPROVED,INGESTION_GW_01,2026-07-31T08:12:00Z,interface.batch@example.com
2026-07-31T08:40:00Z,max.mustermann@example.com,401,Enterprise Core Systems GmbH,900058,COMPLETED,100058,IMPORT_STAGE_DIRECTS_20260758,202607,July 2026,102,0,101,102,1,APPROVED,INGESTION_GW_01,2026-07-31T08:12:00Z,interface.batch@example.com
2026-07-31T08:40:00Z,jan.beispiel@example.com,401,Enterprise Core Systems GmbH,900059,COMPLETED,100059,IMPORT_STAGE_DIRECTS_20260759,202607,July 2026,533,5,526,533,2,APPROVED,INGESTION_GW_01,2026-07-31T08:12:00Z,interface.batch@example.com
2026-07-31T08:40:00Z,system.approval@example.com,401,Enterprise Core Systems GmbH,900060,COMPLETED,100060,IMPORT_STAGE_COMMISSION_20260760,202607,July 2026,294,0,294,294,0,APPROVED,INGESTION_GW_01,2026-07-31T08:12:00Z,interface.batch@example.com
2026-07-31T08:40:00Z,tobias.muster@example.com,401,Enterprise Core Systems GmbH,900061,COMPLETED,100061,IMPORT_STAGE_PARTNER_20260761,202607,July 2026,655,5,650,655,0,APPROVED,INGESTION_GW_01,2026-07-31T08:12:00Z,interface.batch@example.com
2026-07-31T08:40:00Z,katharina.koehn@example.com,401,Enterprise Core Systems GmbH,900062,COMPLETED,100062,IMPORT_STAGE_TARIFF_20260762,202607,July 2026,151,0,149,151,2,APPROVED,INGESTION_GW_01,2026-07-31T08:12:00Z,interface.batch@example.com
2026-07-31T08:40:00Z,system.approval@example.com,401,Enterprise Core Systems GmbH,900063,COMPLETED,100063,IMPORT_STAGE_COMMISSION_20260763,202607,July 2026,620,0,620,620,0,APPROVED,INGESTION_GW_01,2026-07-31T08:12:00Z,interface.batch@example.com
2026-07-31T08:40:00Z,system.approval@example.com,401,Enterprise Core Systems GmbH,900064,COMPLETED,100064,IMPORT_STAGE_COMMISSION_20260764,202607,July 2026,169,0,169,169,0,APPROVED,INGESTION_GW_01,2026-07-31T08:12:00Z,interface.batch@example.com
2026-07-31T08:40:00Z,system.approval@example.com,401,Enterprise Core Systems GmbH,900065,COMPLETED,100065,IMPORT_STAGE_COMMISSION_20260765,202607,July 2026,352,5,345,352,2,APPROVED,INGESTION_GW_01,2026-07-31T08:12:00Z,interface.batch@example.com
2026-07-31T08:40:00Z,julian.schaefer@example.com,401,Enterprise Core Systems GmbH,900066,COMPLETED,100066,IMPORT_STAGE_PARTNER_20260766,202607,July 2026,183,5,177,183,1,APPROVED,INGESTION_GW_01,2026-07-31T08:12:00Z,interface.batch@example.com
2026-07-31T08:40:00Z,erika.musterfrau@example.com,401,Enterprise Core Systems GmbH,900067,COMPLETED,100067,IMPORT_STAGE_PARTNER_20260767,202607,July 2026,309,0,309,309,0,APPROVED,INGESTION_GW_01,2026-07-31T08:12:00Z,interface.batch@example.com
2026-07-31T08:40:00Z,julian.schaefer@example.com,401,Enterprise Core Systems GmbH,900068,COMPLETED,100068,IMPORT_STAGE_PARTNER_20260768,202607,July 2026,234,0,234,234,0,APPROVED,INGESTION_GW_01,2026-07-31T08:12:00Z,interface.batch@example.com
2026-07-31T08:40:00Z,maria.beispiel@example.com,401,Enterprise Core Systems GmbH,900069,COMPLETED,100069,IMPORT_STAGE_COMMISSION_20260769,202607,July 2026,109,5,103,109,1,APPROVED,INGESTION_GW_01,2026-07-31T08:12:00Z,interface.batch@example.com
2026-07-31T08:40:00Z,tobias.muster@example.com,401,Enterprise Core Systems GmbH,900070,COMPLETED,100070,IMPORT_STAGE_PARTNER_20260770,202607,July 2026,650,5,645,650,0,APPROVED,INGESTION_GW_01,2026-07-31T08:12:00Z,interface.batch@example.com
2026-07-31T08:40:00Z,murat.demir@example.com,401,Enterprise Core Systems GmbH,900071,COMPLETED,100071,IMPORT_STAGE_PARTNER_20260771,202607,July 2026,457,0,457,457,0,APPROVED,INGESTION_GW_01,2026-07-31T08:12:00Z,interface.batch@example.com
2026-07-31T08:40:00Z,system.approval@example.com,401,Enterprise Core Systems GmbH,900072,COMPLETED,100072,IMPORT_STAGE_PARTNER_20260772,202607,July 2026,261,5,255,261,1,APPROVED,INGESTION_GW_01,2026-07-31T08:12:00Z,interface.batch@example.com
2026-07-31T08:40:00Z,system.approval@example.com,401,Enterprise Core Systems GmbH,900073,COMPLETED,100073,IMPORT_STAGE_PARTNER_20260773,202607,July 2026,769,0,767,769,2,APPROVED,INGESTION_GW_01,2026-07-31T08:12:00Z,interface.batch@example.com
2026-07-31T08:40:00Z,laura.meyer@example.com,401,Enterprise Core Systems GmbH,900074,COMPLETED,100074,IMPORT_STAGE_COMMISSION_20260774,202607,July 2026,206,0,206,206,0,APPROVED,INGESTION_GW_01,2026-07-31T08:12:00Z,interface.batch@example.com
2026-07-31T08:40:00Z,system.approval@example.com,401,Enterprise Core Systems GmbH,900075,COMPLETED,100075,IMPORT_STAGE_PARTNER_20260775,202607,July 2026,666,0,666,666,0,APPROVED,INGESTION_GW_01,2026-07-31T08:12:00Z,interface.batch@example.com
2026-07-31T08:40:00Z,system.approval@example.com,401,Enterprise Core Systems GmbH,900076,COMPLETED,100076,IMPORT_STAGE_PARTNER_20260776,202607,July 2026,315,0,315,315,0,APPROVED,INGESTION_GW_01,2026-07-31T08:12:00Z,interface.batch@example.com
2026-07-31T08:40:00Z,system.approval@example.com,401,Enterprise Core Systems GmbH,900077,COMPLETED,100077,IMPORT_STAGE_COMMISSION_20260777,202607,July 2026,600,0,600,600,0,APPROVED,INGESTION_GW_01,2026-07-31T08:12:00Z,interface.batch@example.com
2026-07-31T08:40:00Z,daria.wisniewski@example.com,401,Enterprise Core Systems GmbH,900078,COMPLETED,100078,IMPORT_STAGE_COMMISSION_20260778,202607,July 2026,533,0,533,533,0,APPROVED,INGESTION_GW_01,2026-07-31T08:12:00Z,interface.batch@example.com
2026-07-31T08:40:00Z,system.approval@example.com,401,Enterprise Core Systems GmbH,900079,COMPLETED,100079,IMPORT_STAGE_DIRECTS_20260779,202607,July 2026,233,0,233,233,0,APPROVED,INGESTION_GW_01,2026-07-31T08:12:00Z,interface.batch@example.com
2026-07-31T08:40:00Z,lena.lange@example.com,401,Enterprise Core Systems GmbH,900080,COMPLETED,100080,IMPORT_STAGE_COMMISSION_20260780,202607,July 2026,537,0,535,537,2,APPROVED,INGESTION_GW_01,2026-07-31T08:12:00Z,interface.batch@example.com
2026-07-31T08:40:00Z,system.approval@example.com,401,Enterprise Core Systems GmbH,900081,COMPLETED,100081,IMPORT_STAGE_PARTNER_20260781,202607,July 2026,252,0,250,252,2,APPROVED,INGESTION_GW_01,2026-07-31T08:12:00Z,interface.batch@example.com
2026-07-31T08:40:00Z,felix.weber@example.com,401,Enterprise Core Systems GmbH,900082,COMPLETED,100082,IMPORT_STAGE_TARIFF_20260782,202607,July 2026,665,0,665,665,0,APPROVED,INGESTION_GW_01,2026-07-31T08:12:00Z,interface.batch@example.com
2026-07-31T08:40:00Z,laura.meyer@example.com,401,Enterprise Core Systems GmbH,900083,COMPLETED,100083,IMPORT_STAGE_PARTNER_20260783,202607,July 2026,415,0,415,415,0,APPROVED,INGESTION_GW_01,2026-07-31T08:12:00Z,interface.batch@example.com
2026-07-31T08:40:00Z,david.muster@example.com,401,Enterprise Core Systems GmbH,900084,COMPLETED,100084,IMPORT_STAGE_COMMISSION_20260784,202607,July 2026,798,5,793,798,0,APPROVED,INGESTION_GW_01,2026-07-31T08:12:00Z,interface.batch@example.com
2026-07-31T08:40:00Z,michael.muster@example.com,401,Enterprise Core Systems GmbH,900085,COMPLETED,100085,IMPORT_STAGE_TARIFF_20260785,202607,July 2026,673,5,667,673,1,APPROVED,INGESTION_GW_01,2026-07-31T08:12:00Z,interface.batch@example.com
2026-07-31T08:40:00Z,marie.schmidt@example.com,401,Enterprise Core Systems GmbH,900086,COMPLETED,100086,IMPORT_STAGE_COMMISSION_20260786,202607,July 2026,266,0,266,266,0,APPROVED,INGESTION_GW_01,2026-07-31T08:12:00Z,interface.batch@example.com
2026-07-31T08:40:00Z,tim.mustermann@example.com,401,Enterprise Core Systems GmbH,900087,COMPLETED,100087,IMPORT_STAGE_TARIFF_20260787,202607,July 2026,440,5,434,440,1,APPROVED,INGESTION_GW_01,2026-07-31T08:12:00Z,interface.batch@example.com
2026-07-31T08:40:00Z,tobias.muster@example.com,401,Enterprise Core Systems GmbH,900088,COMPLETED,100088,IMPORT_STAGE_COMMISSION_20260788,202607,July 2026,263,0,263,263,0,APPROVED,INGESTION_GW_01,2026-07-31T08:12:00Z,interface.batch@example.com
2026-07-31T08:40:00Z,sarah.beispiel@example.com,401,Enterprise Core Systems GmbH,900089,COMPLETED,100089,IMPORT_STAGE_PARTNER_20260789,202607,July 2026,327,0,327,327,0,APPROVED,INGESTION_GW_01,2026-07-31T08:12:00Z,interface.batch@example.com
2026-07-31T08:40:00Z,lisa.musterfrau@example.com,401,Enterprise Core Systems GmbH,900090,COMPLETED,100090,IMPORT_STAGE_TARIFF_20260790,202607,July 2026,333,0,333,333,0,APPROVED,INGESTION_GW_01,2026-07-31T08:12:00Z,interface.batch@example.com
2026-07-31T08:40:00Z,daria.wisniewski@example.com,401,Enterprise Core Systems GmbH,900091,COMPLETED,100091,IMPORT_STAGE_PARTNER_20260791,202607,July 2026,436,0,436,436,0,APPROVED,INGESTION_GW_01,2026-07-31T08:12:00Z,interface.batch@example.com
2026-07-31T08:40:00Z,paul.bauer@example.com,401,Enterprise Core Systems GmbH,900092,COMPLETED,100092,IMPORT_STAGE_PARTNER_20260792,202607,July 2026,756,0,754,756,2,APPROVED,INGESTION_GW_01,2026-07-31T08:12:00Z,interface.batch@example.com
2026-07-31T08:40:00Z,felix.weber@example.com,401,Enterprise Core Systems GmbH,900093,COMPLETED,100093,IMPORT_STAGE_PARTNER_20260793,202607,July 2026,218,0,218,218,0,APPROVED,INGESTION_GW_01,2026-07-31T08:12:00Z,interface.batch@example.com
2026-07-31T08:40:00Z,system.approval@example.com,401,Enterprise Core Systems GmbH,900094,COMPLETED,100094,IMPORT_STAGE_PARTNER_20260794,202607,July 2026,211,0,209,211,2,APPROVED,INGESTION_GW_01,2026-07-31T08:12:00Z,interface.batch@example.com
2026-07-31T08:40:00Z,jan.beispiel@example.com,401,Enterprise Core Systems GmbH,900095,COMPLETED,100095,IMPORT_STAGE_COMMISSION_20260795,202607,July 2026,421,5,415,421,1,APPROVED,INGESTION_GW_01,2026-07-31T08:12:00Z,interface.batch@example.com
2026-07-31T08:40:00Z,system.approval@example.com,401,Enterprise Core Systems GmbH,900096,COMPLETED,100096,IMPORT_STAGE_COMMISSION_20260796,202607,July 2026,690,0,690,690,0,APPROVED,INGESTION_GW_01,2026-07-31T08:12:00Z,interface.batch@example.com
2026-07-31T08:40:00Z,otto.normalverbraucher@example.com,401,Enterprise Core Systems GmbH,900097,COMPLETED,100097,IMPORT_STAGE_TARIFF_20260797,202607,July 2026,546,5,541,546,0,APPROVED,INGESTION_GW_01,2026-07-31T08:12:00Z,interface.batch@example.com
2026-07-31T08:40:00Z,system.approval@example.com,401,Enterprise Core Systems GmbH,900098,COMPLETED,100098,IMPORT_STAGE_PARTNER_20260798,202607,July 2026,541,5,536,541,0,APPROVED,INGESTION_GW_01,2026-07-31T08:12:00Z,interface.batch@example.com
2026-07-31T08:40:00Z,system.approval@example.com,401,Enterprise Core Systems GmbH,900099,COMPLETED,100099,IMPORT_STAGE_PARTNER_20260799,202607,July 2026,421,5,416,421,0,APPROVED,INGESTION_GW_01,2026-07-31T08:12:00Z,interface.batch@example.com
2026-07-31T08:40:00Z,system.approval@example.com,401,Enterprise Core Systems GmbH,900100,COMPLETED,100100,IMPORT_STAGE_DIRECTS_20260800,202607,July 2026,416,0,415,416,1,APPROVED,INGESTION_GW_01,2026-07-31T08:12:00Z,interface.batch@example.com
2026-07-31T08:40:00Z,max.mustermann@example.com,401,Enterprise Core Systems GmbH,900101,COMPLETED,100101,IMPORT_STAGE_TARIFF_20260801,202607,July 2026,402,0,400,402,2,APPROVED,INGESTION_GW_01,2026-07-31T08:12:00Z,interface.batch@example.com
2026-07-31T08:40:00Z,system.approval@example.com,401,Enterprise Core Systems GmbH,900102,COMPLETED,100102,IMPORT_STAGE_TARIFF_20260802,202607,July 2026,780,5,774,780,1,APPROVED,INGESTION_GW_01,2026-07-31T08:12:00Z,interface.batch@example.com
2026-07-31T08:40:00Z,niklas.muster@example.com,401,Enterprise Core Systems GmbH,900103,COMPLETED,100103,IMPORT_STAGE_COMMISSION_20260803,202607,July 2026,682,0,682,682,0,APPROVED,INGESTION_GW_01,2026-07-31T08:12:00Z,interface.batch@example.com
2026-07-31T08:40:00Z,laura.meyer@example.com,401,Enterprise Core Systems GmbH,900104,COMPLETED,100104,IMPORT_STAGE_PARTNER_20260804,202607,July 2026,393,0,393,393,0,APPROVED,INGESTION_GW_01,2026-07-31T08:12:00Z,interface.batch@example.com
2026-07-31T08:40:00Z,system.approval@example.com,401,Enterprise Core Systems GmbH,900105,COMPLETED,100105,IMPORT_STAGE_TARIFF_20260805,202607,July 2026,552,5,546,552,1,APPROVED,INGESTION_GW_01,2026-07-31T08:12:00Z,interface.batch@example.com
2026-07-31T08:40:00Z,can.yilmaz@example.com,401,Enterprise Core Systems GmbH,900106,COMPLETED,100106,IMPORT_STAGE_COMMISSION_20260806,202607,July 2026,584,5,579,584,0,APPROVED,INGESTION_GW_01,2026-07-31T08:12:00Z,interface.batch@example.com
2026-07-31T08:40:00Z,matteo.rossi@example.com,401,Enterprise Core Systems GmbH,900107,COMPLETED,100107,IMPORT_STAGE_COMMISSION_20260807,202607,July 2026,627,0,625,627,2,APPROVED,INGESTION_GW_01,2026-07-31T08:12:00Z,interface.batch@example.com
2026-07-31T08:40:00Z,lena.lange@example.com,401,Enterprise Core Systems GmbH,900108,COMPLETED,100108,IMPORT_STAGE_TARIFF_20260808,202607,July 2026,788,0,788,788,0,APPROVED,INGESTION_GW_01,2026-07-31T08:12:00Z,interface.batch@example.com
2026-07-31T08:40:00Z,system.approval@example.com,401,Enterprise Core Systems GmbH,900109,COMPLETED,100109,IMPORT_STAGE_DIRECTS_20260809,202607,July 2026,125,0,125,125,0,APPROVED,INGESTION_GW_01,2026-07-31T08:12:00Z,interface.batch@example.com
2026-07-31T08:40:00Z,system.approval@example.com,401,Enterprise Core Systems GmbH,900110,COMPLETED,100110,IMPORT_STAGE_TARIFF_20260810,202607,July 2026,174,0,173,174,1,APPROVED,INGESTION_GW_01,2026-07-31T08:12:00Z,interface.batch@example.com
2026-07-31T08:40:00Z,jan.beispiel@example.com,401,Enterprise Core Systems GmbH,900111,COMPLETED,100111,IMPORT_STAGE_TARIFF_20260811,202607,July 2026,493,0,492,493,1,APPROVED,INGESTION_GW_01,2026-07-31T08:12:00Z,interface.batch@example.com
2026-07-31T08:40:00Z,murat.demir@example.com,401,Enterprise Core Systems GmbH,900112,COMPLETED,100112,IMPORT_STAGE_DIRECTS_20260812,202607,July 2026,771,0,771,771,0,APPROVED,INGESTION_GW_01,2026-07-31T08:12:00Z,interface.batch@example.com
2026-07-31T08:40:00Z,system.approval@example.com,401,Enterprise Core Systems GmbH,900113,COMPLETED,100113,IMPORT_STAGE_COMMISSION_20260813,202607,July 2026,280,0,278,280,2,APPROVED,INGESTION_GW_01,2026-07-31T08:12:00Z,interface.batch@example.com
2026-07-31T08:40:00Z,hannah.hartmann@example.com,401,Enterprise Core Systems GmbH,900114,COMPLETED,100114,IMPORT_STAGE_TARIFF_20260814,202607,July 2026,355,0,355,355,0,APPROVED,INGESTION_GW_01,2026-07-31T08:12:00Z,interface.batch@example.com
2026-07-31T08:40:00Z,max.mustermann@example.com,401,Enterprise Core Systems GmbH,900115,COMPLETED,100115,IMPORT_STAGE_PARTNER_20260815,202607,July 2026,783,5,776,783,2,APPROVED,INGESTION_GW_01,2026-07-31T08:12:00Z,interface.batch@example.com
2026-07-31T08:40:00Z,leon.wagner@example.com,401,Enterprise Core Systems GmbH,900116,COMPLETED,100116,IMPORT_STAGE_DIRECTS_20260816,202607,July 2026,727,0,725,727,2,APPROVED,INGESTION_GW_01,2026-07-31T08:12:00Z,interface.batch@example.com
2026-07-31T08:40:00Z,system.approval@example.com,401,Enterprise Core Systems GmbH,900117,COMPLETED,100117,IMPORT_STAGE_TARIFF_20260817,202607,July 2026,586,0,585,586,1,APPROVED,INGESTION_GW_01,2026-07-31T08:12:00Z,interface.batch@example.com
2026-07-31T08:40:00Z,leon.wagner@example.com,401,Enterprise Core Systems GmbH,900118,COMPLETED,100118,IMPORT_STAGE_TARIFF_20260818,202607,July 2026,383,0,381,383,2,APPROVED,INGESTION_GW_01,2026-07-31T08:12:00Z,interface.batch@example.com
2026-07-31T08:40:00Z,malik.almansoor@example.com,401,Enterprise Core Systems GmbH,900119,COMPLETED,100119,IMPORT_STAGE_PARTNER_20260819,202607,July 2026,550,5,545,550,0,APPROVED,INGESTION_GW_01,2026-07-31T08:12:00Z,interface.batch@example.com
2026-07-31T08:40:00Z,jonas.beispiel@example.com,401,Enterprise Core Systems GmbH,900120,COMPLETED,100120,IMPORT_STAGE_COMMISSION_20260820,202607,July 2026,378,0,378,378,0,APPROVED,INGESTION_GW_01,2026-07-31T08:12:00Z,interface.batch@example.com
2026-07-31T08:40:00Z,system.approval@example.com,401,Enterprise Core Systems GmbH,900121,COMPLETED,100121,IMPORT_STAGE_TARIFF_20260821,202607,July 2026,254,0,254,254,0,APPROVED,INGESTION_GW_01,2026-07-31T08:12:00Z,interface.batch@example.com
2026-07-31T08:40:00Z,murat.demir@example.com,401,Enterprise Core Systems GmbH,900122,COMPLETED,100122,IMPORT_STAGE_DIRECTS_20260822,202607,July 2026,319,0,319,319,0,APPROVED,INGESTION_GW_01,2026-07-31T08:12:00Z,interface.batch@example.com
2026-07-31T08:40:00Z,tobias.muster@example.com,401,Enterprise Core Systems GmbH,900123,COMPLETED,100123,IMPORT_STAGE_COMMISSION_20260823,202607,July 2026,655,0,654,655,1,APPROVED,INGESTION_GW_01,2026-07-31T08:12:00Z,interface.batch@example.com
2026-07-31T08:40:00Z,system.approval@example.com,401,Enterprise Core Systems GmbH,900124,COMPLETED,100124,IMPORT_STAGE_COMMISSION_20260824,202607,July 2026,530,5,524,530,1,APPROVED,INGESTION_GW_01,2026-07-31T08:12:00Z,interface.batch@example.com
2026-07-31T08:40:00Z,max.mustermann@example.com,401,Enterprise Core Systems GmbH,900125,COMPLETED,100125,IMPORT_STAGE_PARTNER_20260825,202607,July 2026,489,0,488,489,1,APPROVED,INGESTION_GW_01,2026-07-31T08:12:00Z,interface.batch@example.com
2026-07-31T08:40:00Z,felix.muster@example.com,401,Enterprise Core Systems GmbH,900126,COMPLETED,100126,IMPORT_STAGE_TARIFF_20260826,202607,July 2026,499,5,493,499,1,APPROVED,INGESTION_GW_01,2026-07-31T08:12:00Z,interface.batch@example.com
2026-07-31T08:40:00Z,marie.schmidt@example.com,401,Enterprise Core Systems GmbH,900127,COMPLETED,100127,IMPORT_STAGE_DIRECTS_20260827,202607,July 2026,324,0,324,324,0,APPROVED,INGESTION_GW_01,2026-07-31T08:12:00Z,interface.batch@example.com
2026-07-31T08:40:00Z,system.approval@example.com,401,Enterprise Core Systems GmbH,900128,COMPLETED,100128,IMPORT_STAGE_DIRECTS_20260828,202607,July 2026,498,5,493,498,0,APPROVED,INGESTION_GW_01,2026-07-31T08:12:00Z,interface.batch@example.com
2026-07-31T08:40:00Z,piotr.nowak@example.com,401,Enterprise Core Systems GmbH,900129,COMPLETED,100129,IMPORT_STAGE_COMMISSION_20260829,202607,July 2026,269,0,268,269,1,APPROVED,INGESTION_GW_01,2026-07-31T08:12:00Z,interface.batch@example.com
2026-07-31T08:40:00Z,david.muster@example.com,401,Enterprise Core Systems GmbH,900130,COMPLETED,100130,IMPORT_STAGE_COMMISSION_20260830,202607,July 2026,706,5,699,706,2,APPROVED,INGESTION_GW_01,2026-07-31T08:12:00Z,interface.batch@example.com
2026-07-31T08:40:00Z,tariq.khoury@example.com,401,Enterprise Core Systems GmbH,900131,COMPLETED,100131,IMPORT_STAGE_DIRECTS_20260831,202607,July 2026,758,0,757,758,1,APPROVED,INGESTION_GW_01,2026-07-31T08:12:00Z,interface.batch@example.com
2026-07-31T08:40:00Z,leon.wagner@example.com,401,Enterprise Core Systems GmbH,900132,COMPLETED,100132,IMPORT_STAGE_PARTNER_20260832,202607,July 2026,151,0,151,151,0,APPROVED,INGESTION_GW_01,2026-07-31T08:12:00Z,interface.batch@example.com
2026-07-31T08:40:00Z,max.mustermann@example.com,401,Enterprise Core Systems GmbH,900133,COMPLETED,100133,IMPORT_STAGE_DIRECTS_20260833,202607,July 2026,565,0,565,565,0,APPROVED,INGESTION_GW_01,2026-07-31T08:12:00Z,interface.batch@example.com
2026-07-31T08:40:00Z,michael.muster@example.com,401,Enterprise Core Systems GmbH,900134,COMPLETED,100134,IMPORT_STAGE_DIRECTS_20260834,202607,July 2026,531,0,531,531,0,APPROVED,INGESTION_GW_01,2026-07-31T08:12:00Z,interface.batch@example.com
2026-07-31T08:40:00Z,system.approval@example.com,401,Enterprise Core Systems GmbH,900135,COMPLETED,100135,IMPORT_STAGE_TARIFF_20260835,202607,July 2026,652,0,652,652,0,APPROVED,INGESTION_GW_01,2026-07-31T08:12:00Z,interface.batch@example.com
2026-07-31T08:40:00Z,hannah.hartmann@example.com,401,Enterprise Core Systems GmbH,900136,COMPLETED,100136,IMPORT_STAGE_TARIFF_20260836,202607,July 2026,170,0,170,170,0,APPROVED,INGESTION_GW_01,2026-07-31T08:12:00Z,interface.batch@example.com
2026-07-31T08:40:00Z,erika.musterfrau@example.com,401,Enterprise Core Systems GmbH,900137,COMPLETED,100137,IMPORT_STAGE_TARIFF_20260837,202607,July 2026,120,0,118,120,2,APPROVED,INGESTION_GW_01,2026-07-31T08:12:00Z,interface.batch@example.com
2026-07-31T08:40:00Z,tim.mustermann@example.com,401,Enterprise Core Systems GmbH,900138,COMPLETED,100138,IMPORT_STAGE_TARIFF_20260838,202607,July 2026,584,5,579,584,0,APPROVED,INGESTION_GW_01,2026-07-31T08:12:00Z,interface.batch@example.com
2026-07-31T08:40:00Z,anna.beispiel@example.com,401,Enterprise Core Systems GmbH,900139,COMPLETED,100139,IMPORT_STAGE_COMMISSION_20260839,202607,July 2026,362,0,362,362,0,APPROVED,INGESTION_GW_01,2026-07-31T08:12:00Z,interface.batch@example.com
2026-07-31T08:40:00Z,felix.muster@example.com,401,Enterprise Core Systems GmbH,900140,COMPLETED,100140,IMPORT_STAGE_COMMISSION_20260840,202607,July 2026,418,5,413,418,0,APPROVED,INGESTION_GW_01,2026-07-31T08:12:00Z,interface.batch@example.com
2026-07-31T08:40:00Z,david.muster@example.com,401,Enterprise Core Systems GmbH,900141,COMPLETED,100141,IMPORT_STAGE_TARIFF_20260841,202607,July 2026,689,0,688,689,1,APPROVED,INGESTION_GW_01,2026-07-31T08:12:00Z,interface.batch@example.com
2026-07-31T08:40:00Z,system.approval@example.com,401,Enterprise Core Systems GmbH,900142,COMPLETED,100142,IMPORT_STAGE_PARTNER_20260842,202607,July 2026,706,0,706,706,0,APPROVED,INGESTION_GW_01,2026-07-31T08:12:00Z,interface.batch@example.com
2026-07-31T08:40:00Z,tim.mustermann@example.com,401,Enterprise Core Systems GmbH,900143,COMPLETED,100143,IMPORT_STAGE_COMMISSION_20260843,202607,July 2026,714,5,709,714,0,APPROVED,INGESTION_GW_01,2026-07-31T08:12:00Z,interface.batch@example.com
2026-07-31T08:40:00Z,niklas.muster@example.com,401,Enterprise Core Systems GmbH,900144,COMPLETED,100144,IMPORT_STAGE_PARTNER_20260844,202607,July 2026,645,5,639,645,1,APPROVED,INGESTION_GW_01,2026-07-31T08:12:00Z,interface.batch@example.com
2026-07-31T08:40:00Z,jonas.beispiel@example.com,401,Enterprise Core Systems GmbH,900145,COMPLETED,100145,IMPORT_STAGE_DIRECTS_20260845,202607,July 2026,618,0,618,618,0,APPROVED,INGESTION_GW_01,2026-07-31T08:12:00Z,interface.batch@example.com
2026-07-31T08:40:00Z,system.approval@example.com,401,Enterprise Core Systems GmbH,900146,COMPLETED,100146,IMPORT_STAGE_DIRECTS_20260846,202607,July 2026,208,0,207,208,1,APPROVED,INGESTION_GW_01,2026-07-31T08:12:00Z,interface.batch@example.com
2026-07-31T08:40:00Z,system.approval@example.com,401,Enterprise Core Systems GmbH,900147,COMPLETED,100147,IMPORT_STAGE_PARTNER_20260847,202607,July 2026,256,0,255,256,1,APPROVED,INGESTION_GW_01,2026-07-31T08:12:00Z,interface.batch@example.com
2026-07-31T08:40:00Z,system.approval@example.com,401,Enterprise Core Systems GmbH,900148,COMPLETED,100148,IMPORT_STAGE_DIRECTS_20260848,202607,July 2026,651,0,650,651,1,APPROVED,INGESTION_GW_01,2026-07-31T08:12:00Z,interface.batch@example.com
2026-07-31T08:40:00Z,michael.muster@example.com,401,Enterprise Core Systems GmbH,900149,COMPLETED,100149,IMPORT_STAGE_TARIFF_20260849,202607,July 2026,706,0,706,706,0,APPROVED,INGESTION_GW_01,2026-07-31T08:12:00Z,interface.batch@example.com
2026-07-31T08:40:00Z,system.approval@example.com,401,Enterprise Core Systems GmbH,900150,COMPLETED,100150,IMPORT_STAGE_DIRECTS_20260850,202607,July 2026,385,0,384,385,1,APPROVED,INGESTION_GW_01,2026-07-31T08:12:00Z,interface.batch@example.com
